EmotionMaxVote,arousal,file_path,orig_path,utterance,valence,video
0,0,../Videos/Train/video_1/utterance_0.mp4,../../videos/okay/fun/0904/Clip 4.mp4,utterance_0.mp4,0,video_1
0,0,../Videos/Train/video_1/utterance_1.mp4,../../videos/okay/fun/0904/Clip 1.mp4,utterance_1.mp4,0,video_1
0,0,../Videos/Train/video_1/utterance_2.mp4,../../videos/okay/fun/0904/Clip 2.mp4,utterance_2.mp4,0,video_1
0,0,../Videos/Train/video_1/utterance_3.mp4,../../videos/okay/craft/0101/Clip 22.mp4,utterance_3.mp4,0,video_1
0,0,../Videos/Train/video_1/utterance_4.mp4,../../videos/okay/craft/0101/Clip 14.mp4,utterance_4.mp4,0,video_1
0,0,../Videos/Train/video_1/utterance_5.mp4,../../videos/okay/craft/0101/Clip 21.mp4,utterance_5.mp4,0,video_1
0,0,../Videos/Train/video_1/utterance_6.mp4,../../videos/okay/craft/0101/Clip 6.mp4,utterance_6.mp4,0,video_1
0,0,../Videos/Train/video_1/utterance_7.mp4,../../videos/okay/craft/0101/Clip 4.mp4,utterance_7.mp4,0,video_1
0,0,../Videos/Train/video_1/utterance_8.mp4,../../videos/okay/craft/0101/Clip 17.mp4,utterance_8.mp4,0,video_1
0,0,../Videos/Train/video_1/utterance_9.mp4,../../videos/okay/craft/0101/Clip 10.mp4,utterance_9.mp4,0,video_1
0,0,../Videos/Train/video_1/utterance_10.mp4,../../videos/okay/craft/0101/Clip 1.mp4,utterance_10.mp4,0,video_1
0,0,../Videos/Train/video_1/utterance_11.mp4,../../videos/okay/craft/0101/Clip 20.mp4,utterance_11.mp4,0,video_1
0,0,../Videos/Train/video_1/utterance_12.mp4,../../videos/okay/craft/0101/Clip 26.mp4,utterance_12.mp4,0,video_1
0,0,../Videos/Train/video_1/utterance_13.mp4,../../videos/okay/craft/0101/Clip 2.mp4,utterance_13.mp4,0,video_1
0,0,../Videos/Train/video_1/utterance_14.mp4,../../videos/okay/craft/0101/Clip 8.mp4,utterance_14.mp4,0,video_1
0,0,../Videos/Train/video_1/utterance_15.mp4,../../videos/okay/craft/0101/Clip 11.mp4,utterance_15.mp4,0,video_1
0,0,../Videos/Train/video_1/utterance_16.mp4,../../videos/okay/craft/0101/Clip 27.mp4,utterance_16.mp4,0,video_1
0,0,../Videos/Train/video_1/utterance_17.mp4,../../videos/okay/craft/0101/Clip 23.mp4,utterance_17.mp4,0,video_1
0,0,../Videos/Train/video_1/utterance_18.mp4,../../videos/okay/craft/0101/Clip 18.mp4,utterance_18.mp4,0,video_1
0,0,../Videos/Train/video_1/utterance_19.mp4,../../videos/okay/craft/0101/Clip 15.mp4,utterance_19.mp4,0,video_1
0,0,../Videos/Train/video_1/utterance_20.mp4,../../videos/okay/craft/0101/Clip 7.mp4,utterance_20.mp4,0,video_1
0,0,../Videos/Train/video_1/utterance_21.mp4,../../videos/okay/craft/0101/Clip 19.mp4,utterance_21.mp4,0,video_1
0,0,../Videos/Train/video_1/utterance_22.mp4,../../videos/okay/craft/0101/Clip 3.mp4,utterance_22.mp4,0,video_1
0,0,../Videos/Train/video_1/utterance_23.mp4,../../videos/okay/craft/0101/Clip 13.mp4,utterance_23.mp4,0,video_1
0,0,../Videos/Train/video_1/utterance_24.mp4,../../videos/okay/craft/0101/Clip 24.mp4,utterance_24.mp4,0,video_1
0,0,../Videos/Train/video_1/utterance_25.mp4,../../videos/okay/craft/0101/Clip 9.mp4,utterance_25.mp4,0,video_1
0,0,../Videos/Train/video_1/utterance_26.mp4,../../videos/okay/mientras/2911/Clip 4.mp4,utterance_26.mp4,0,video_1
0,0,../Videos/Train/video_1/utterance_27.mp4,../../videos/okay/mientras/2911/Clip 1.mp4,utterance_27.mp4,0,video_1
0,0,../Videos/Train/video_1/utterance_28.mp4,../../videos/okay/mientras/2911/Clip 2.mp4,utterance_28.mp4,0,video_1
0,0,../Videos/Train/video_1/utterance_29.mp4,../../videos/okay/mientras/0502/Clip 6.mp4,utterance_29.mp4,0,video_1
0,0,../Videos/Train/video_1/utterance_30.mp4,../../videos/okay/mientras/0502/Clip 4.mp4,utterance_30.mp4,0,video_1
0,0,../Videos/Train/video_1/utterance_31.mp4,../../videos/okay/mientras/0502/Clip 1.mp4,utterance_31.mp4,0,video_1
0,0,../Videos/Train/video_1/utterance_32.mp4,../../videos/okay/mientras/0502/Clip 2.mp4,utterance_32.mp4,0,video_1
0,0,../Videos/Train/video_1/utterance_33.mp4,../../videos/okay/mientras/2801/Clip 6.mp4,utterance_33.mp4,0,video_1
0,0,../Videos/Train/video_1/utterance_34.mp4,../../videos/okay/mientras/2801/Clip 4.mp4,utterance_34.mp4,0,video_1
0,0,../Videos/Train/video_1/utterance_35.mp4,../../videos/okay/mientras/2801/Clip 1.mp4,utterance_35.mp4,0,video_1
0,0,../Videos/Train/video_1/utterance_36.mp4,../../videos/okay/mientras/2801/Clip 2.mp4,utterance_36.mp4,0,video_1
0,0,../Videos/Train/video_1/utterance_37.mp4,../../videos/okay/mientras/2801/Clip 7.mp4,utterance_37.mp4,0,video_1
0,0,../Videos/Train/video_1/utterance_38.mp4,../../videos/okay/mientras/1403/Clip 1.mp4,utterance_38.mp4,0,video_1
0,0,../Videos/Train/video_1/utterance_39.mp4,../../videos/okay/mientras/3101/Clip 6.mp4,utterance_39.mp4,0,video_1
0,0,../Videos/Train/video_1/utterance_40.mp4,../../videos/okay/mientras/3101/Clip 4.mp4,utterance_40.mp4,0,video_1
0,0,../Videos/Train/video_1/utterance_41.mp4,../../videos/okay/mientras/3101/Clip 1.mp4,utterance_41.mp4,0,video_1
0,0,../Videos/Train/video_1/utterance_42.mp4,../../videos/okay/mientras/3101/Clip 2.mp4,utterance_42.mp4,0,video_1
0,0,../Videos/Train/video_1/utterance_43.mp4,../../videos/okay/mientras/3101/Clip 8.mp4,utterance_43.mp4,0,video_1
0,0,../Videos/Train/video_1/utterance_44.mp4,../../videos/okay/mientras/3101/Clip 7.mp4,utterance_44.mp4,0,video_1
0,0,../Videos/Train/video_1/utterance_45.mp4,../../videos/okay/mientras/0304/Clip 22.mp4,utterance_45.mp4,0,video_1
0,0,../Videos/Train/video_1/utterance_46.mp4,../../videos/okay/mientras/0304/Clip 14.mp4,utterance_46.mp4,0,video_1
0,0,../Videos/Train/video_1/utterance_47.mp4,../../videos/okay/mientras/0304/Clip 21.mp4,utterance_47.mp4,0,video_1
0,0,../Videos/Train/video_1/utterance_48.mp4,../../videos/okay/mientras/0304/Clip 6.mp4,utterance_48.mp4,0,video_1
0,0,../Videos/Train/video_1/utterance_49.mp4,../../videos/okay/mientras/0304/Clip 4.mp4,utterance_49.mp4,0,video_1
0,0,../Videos/Train/video_1/utterance_50.mp4,../../videos/okay/mientras/0304/Clip 28.mp4,utterance_50.mp4,0,video_1
0,0,../Videos/Train/video_1/utterance_51.mp4,../../videos/okay/mientras/0304/Clip 17.mp4,utterance_51.mp4,0,video_1
0,0,../Videos/Train/video_1/utterance_52.mp4,../../videos/okay/mientras/0304/Clip 10.mp4,utterance_52.mp4,0,video_1
0,0,../Videos/Train/video_1/utterance_53.mp4,../../videos/okay/mientras/0304/Clip 1.mp4,utterance_53.mp4,0,video_1
0,0,../Videos/Train/video_1/utterance_54.mp4,../../videos/okay/mientras/0304/Clip 20.mp4,utterance_54.mp4,0,video_1
0,0,../Videos/Train/video_1/utterance_55.mp4,../../videos/okay/mientras/0304/Clip 26.mp4,utterance_55.mp4,0,video_1
0,0,../Videos/Train/video_1/utterance_56.mp4,../../videos/okay/mientras/0304/Clip 2.mp4,utterance_56.mp4,0,video_1
0,0,../Videos/Train/video_1/utterance_57.mp4,../../videos/okay/mientras/0304/Clip 8.mp4,utterance_57.mp4,0,video_1
0,0,../Videos/Train/video_1/utterance_58.mp4,../../videos/okay/mientras/0304/Clip 11.mp4,utterance_58.mp4,0,video_1
0,0,../Videos/Train/video_1/utterance_59.mp4,../../videos/okay/mientras/0304/Clip 27.mp4,utterance_59.mp4,0,video_1
0,0,../Videos/Train/video_1/utterance_60.mp4,../../videos/okay/mientras/0304/Clip 23.mp4,utterance_60.mp4,0,video_1
0,0,../Videos/Train/video_1/utterance_61.mp4,../../videos/okay/mientras/0304/Clip 18.mp4,utterance_61.mp4,0,video_1
0,0,../Videos/Train/video_1/utterance_62.mp4,../../videos/okay/mientras/0304/Clip 15.mp4,utterance_62.mp4,0,video_1
0,0,../Videos/Train/video_1/utterance_63.mp4,../../videos/okay/mientras/0304/Clip 7.mp4,utterance_63.mp4,0,video_1
0,0,../Videos/Train/video_1/utterance_64.mp4,../../videos/okay/mientras/0304/Clip 19.mp4,utterance_64.mp4,0,video_1
0,0,../Videos/Train/video_1/utterance_65.mp4,../../videos/okay/mientras/0304/Clip 3.mp4,utterance_65.mp4,0,video_1
0,0,../Videos/Train/video_1/utterance_66.mp4,../../videos/okay/mientras/0304/Clip 13.mp4,utterance_66.mp4,0,video_1
0,0,../Videos/Train/video_1/utterance_67.mp4,../../videos/okay/mientras/0304/Clip 24.mp4,utterance_67.mp4,0,video_1
0,0,../Videos/Train/video_1/utterance_68.mp4,../../videos/okay/mientras/0304/Clip 9.mp4,utterance_68.mp4,0,video_1
0,0,../Videos/Train/video_1/utterance_69.mp4,../../videos/okay/mientras/0404/Clip 35.mp4,utterance_69.mp4,0,video_1
0,0,../Videos/Train/video_1/utterance_70.mp4,../../videos/okay/mientras/0404/Clip 22.mp4,utterance_70.mp4,0,video_1
0,0,../Videos/Train/video_1/utterance_71.mp4,../../videos/okay/mientras/0404/Clip 14.mp4,utterance_71.mp4,0,video_1
0,0,../Videos/Train/video_1/utterance_72.mp4,../../videos/okay/mientras/0404/Clip 41.mp4,utterance_72.mp4,0,video_1
0,0,../Videos/Train/video_1/utterance_73.mp4,../../videos/okay/mientras/0404/Clip 52.mp4,utterance_73.mp4,0,video_1
0,0,../Videos/Train/video_1/utterance_74.mp4,../../videos/okay/mientras/0404/Clip 21.mp4,utterance_74.mp4,0,video_1
0,0,../Videos/Train/video_1/utterance_75.mp4,../../videos/okay/mientras/0404/Clip 6.mp4,utterance_75.mp4,0,video_1
0,0,../Videos/Train/video_1/utterance_76.mp4,../../videos/okay/mientras/0404/Clip 4.mp4,utterance_76.mp4,0,video_1
0,0,../Videos/Train/video_1/utterance_77.mp4,../../videos/okay/mientras/0404/Clip 56.mp4,utterance_77.mp4,0,video_1
0,0,../Videos/Train/video_1/utterance_78.mp4,../../videos/okay/mientras/0404/Clip 61.mp4,utterance_78.mp4,0,video_1
0,0,../Videos/Train/video_1/utterance_79.mp4,../../videos/okay/mientras/0404/Clip 55.mp4,utterance_79.mp4,0,video_1
0,0,../Videos/Train/video_1/utterance_80.mp4,../../videos/okay/mientras/0404/Clip 28.mp4,utterance_80.mp4,0,video_1
0,0,../Videos/Train/video_1/utterance_81.mp4,../../videos/okay/mientras/0404/Clip 17.mp4,utterance_81.mp4,0,video_1
0,0,../Videos/Train/video_1/utterance_82.mp4,../../videos/okay/mientras/0404/Clip 10.mp4,utterance_82.mp4,0,video_1
0,0,../Videos/Train/video_1/utterance_83.mp4,../../videos/okay/mientras/0404/Clip 47.mp4,utterance_83.mp4,0,video_1
0,0,../Videos/Train/video_1/utterance_84.mp4,../../videos/okay/mientras/0404/Clip 45.mp4,utterance_84.mp4,0,video_1
0,0,../Videos/Train/video_1/utterance_85.mp4,../../videos/okay/mientras/0404/Clip 42.mp4,utterance_85.mp4,0,video_1
0,0,../Videos/Train/video_1/utterance_86.mp4,../../videos/okay/mientras/0404/Clip 1.mp4,utterance_86.mp4,0,video_1
0,0,../Videos/Train/video_1/utterance_87.mp4,../../videos/okay/mientras/0404/Clip 20.mp4,utterance_87.mp4,0,video_1
0,0,../Videos/Train/video_1/utterance_88.mp4,../../videos/okay/mientras/0404/Clip 39.mp4,utterance_88.mp4,0,video_1
0,0,../Videos/Train/video_1/utterance_89.mp4,../../videos/okay/mientras/0404/Clip 63.mp4,utterance_89.mp4,0,video_1
0,0,../Videos/Train/video_1/utterance_90.mp4,../../videos/okay/mientras/0404/Clip 71.mp4,utterance_90.mp4,0,video_1
0,0,../Videos/Train/video_1/utterance_91.mp4,../../videos/okay/mientras/0404/Clip 58.mp4,utterance_91.mp4,0,video_1
0,0,../Videos/Train/video_1/utterance_92.mp4,../../videos/okay/mientras/0404/Clip 26.mp4,utterance_92.mp4,0,video_1
0,0,../Videos/Train/video_1/utterance_93.mp4,../../videos/okay/mientras/0404/Clip 64.mp4,utterance_93.mp4,0,video_1
0,0,../Videos/Train/video_1/utterance_94.mp4,../../videos/okay/mientras/0404/Clip 44.mp4,utterance_94.mp4,0,video_1
0,0,../Videos/Train/video_1/utterance_95.mp4,../../videos/okay/mientras/0404/Clip 2.mp4,utterance_95.mp4,0,video_1
0,0,../Videos/Train/video_1/utterance_96.mp4,../../videos/okay/mientras/0404/Clip 8.mp4,utterance_96.mp4,0,video_1
0,0,../Videos/Train/video_1/utterance_97.mp4,../../videos/okay/mientras/0404/Clip 68.mp4,utterance_97.mp4,0,video_1
0,0,../Videos/Train/video_1/utterance_98.mp4,../../videos/okay/mientras/0404/Clip 11.mp4,utterance_98.mp4,0,video_1
0,0,../Videos/Train/video_1/utterance_99.mp4,../../videos/okay/mientras/0404/Clip 34.mp4,utterance_99.mp4,0,video_1
0,0,../Videos/Train/video_1/utterance_100.mp4,../../videos/okay/mientras/0404/Clip 27.mp4,utterance_100.mp4,0,video_1
0,0,../Videos/Train/video_1/utterance_101.mp4,../../videos/okay/mientras/0404/Clip 23.mp4,utterance_101.mp4,0,video_1
0,0,../Videos/Train/video_1/utterance_102.mp4,../../videos/okay/mientras/0404/Clip 67.mp4,utterance_102.mp4,0,video_1
0,0,../Videos/Train/video_1/utterance_103.mp4,../../videos/okay/mientras/0404/Clip 60.mp4,utterance_103.mp4,0,video_1
0,0,../Videos/Train/video_1/utterance_104.mp4,../../videos/okay/mientras/0404/Clip 33.mp4,utterance_104.mp4,0,video_1
0,0,../Videos/Train/video_1/utterance_105.mp4,../../videos/okay/mientras/0404/Clip 48.mp4,utterance_105.mp4,0,video_1
0,0,../Videos/Train/video_1/utterance_106.mp4,../../videos/okay/mientras/0404/Clip 69.mp4,utterance_106.mp4,0,video_1
0,0,../Videos/Train/video_1/utterance_107.mp4,../../videos/okay/mientras/0404/Clip 53.mp4,utterance_107.mp4,0,video_1
0,0,../Videos/Train/video_1/utterance_108.mp4,../../videos/okay/mientras/0404/Clip 18.mp4,utterance_108.mp4,0,video_1
0,0,../Videos/Train/video_1/utterance_109.mp4,../../videos/okay/mientras/0404/Clip 29.mp4,utterance_109.mp4,0,video_1
0,0,../Videos/Train/video_1/utterance_110.mp4,../../videos/okay/mientras/0404/Clip 59.mp4,utterance_110.mp4,0,video_1
0,0,../Videos/Train/video_1/utterance_111.mp4,../../videos/okay/mientras/0404/Clip 54.mp4,utterance_111.mp4,0,video_1
0,0,../Videos/Train/video_1/utterance_112.mp4,../../videos/okay/mientras/0404/Clip 15.mp4,utterance_112.mp4,0,video_1
0,0,../Videos/Train/video_1/utterance_113.mp4,../../videos/okay/mientras/0404/Clip 40.mp4,utterance_113.mp4,0,video_1
0,0,../Videos/Train/video_1/utterance_114.mp4,../../videos/okay/mientras/0404/Clip 31.mp4,utterance_114.mp4,0,video_1
0,0,../Videos/Train/video_1/utterance_115.mp4,../../videos/okay/mientras/0404/Clip 57.mp4,utterance_115.mp4,0,video_1
0,0,../Videos/Train/video_1/utterance_116.mp4,../../videos/okay/mientras/0404/Clip 7.mp4,utterance_116.mp4,0,video_1
0,0,../Videos/Train/video_1/utterance_117.mp4,../../videos/okay/mientras/0404/Clip 19.mp4,utterance_117.mp4,0,video_1
0,0,../Videos/Train/video_1/utterance_118.mp4,../../videos/okay/mientras/0404/Clip 3.mp4,utterance_118.mp4,0,video_1
0,0,../Videos/Train/video_1/utterance_119.mp4,../../videos/okay/mientras/0404/Clip 37.mp4,utterance_119.mp4,0,video_1
0,0,../Videos/Train/video_1/utterance_120.mp4,../../videos/okay/mientras/0404/Clip 75.mp4,utterance_120.mp4,0,video_1
0,0,../Videos/Train/video_1/utterance_121.mp4,../../videos/okay/mientras/0404/Clip 30.mp4,utterance_121.mp4,0,video_1
0,0,../Videos/Train/video_1/utterance_122.mp4,../../videos/okay/mientras/0404/Clip 13.mp4,utterance_122.mp4,0,video_1
0,0,../Videos/Train/video_1/utterance_123.mp4,../../videos/okay/mientras/0404/Clip 72.mp4,utterance_123.mp4,0,video_1
0,0,../Videos/Train/video_1/utterance_124.mp4,../../videos/okay/mientras/0404/Clip 66.mp4,utterance_124.mp4,0,video_1
0,0,../Videos/Train/video_1/utterance_125.mp4,../../videos/okay/mientras/0404/Clip 65.mp4,utterance_125.mp4,0,video_1
0,0,../Videos/Train/video_1/utterance_126.mp4,../../videos/okay/mientras/0404/Clip 38.mp4,utterance_126.mp4,0,video_1
0,0,../Videos/Train/video_1/utterance_127.mp4,../../videos/okay/mientras/0404/Clip 50.mp4,utterance_127.mp4,0,video_1
0,0,../Videos/Train/video_1/utterance_128.mp4,../../videos/okay/mientras/0404/Clip 73.mp4,utterance_128.mp4,0,video_1
0,0,../Videos/Train/video_1/utterance_129.mp4,../../videos/okay/mientras/0404/Clip 62.mp4,utterance_129.mp4,0,video_1
0,0,../Videos/Train/video_1/utterance_130.mp4,../../videos/okay/mientras/0403/Clip 1.mp4,utterance_130.mp4,0,video_1
0,0,../Videos/Train/video_1/utterance_131.mp4,../../videos/okay/mientras/0403/Clip 2(1).mp4,utterance_131.mp4,0,video_1
0,0,../Videos/Train/video_1/utterance_132.mp4,../../videos/okay/mientras/2802/Clip 1.mp4,utterance_132.mp4,0,video_1
0,0,../Videos/Train/video_1/utterance_133.mp4,../../videos/okay/mientras/2802/Clip 2.mp4,utterance_133.mp4,0,video_1
0,0,../Videos/Train/video_1/utterance_134.mp4,../../videos/okay/mientras/2401/Clip 6.mp4,utterance_134.mp4,0,video_1
0,0,../Videos/Train/video_1/utterance_135.mp4,../../videos/okay/mientras/2401/Clip 4.mp4,utterance_135.mp4,0,video_1
0,0,../Videos/Train/video_1/utterance_136.mp4,../../videos/okay/mientras/2401/Clip 1.mp4,utterance_136.mp4,0,video_1
0,0,../Videos/Train/video_1/utterance_137.mp4,../../videos/okay/mientras/2401/Clip 2.mp4,utterance_137.mp4,0,video_1
0,0,../Videos/Train/video_1/utterance_138.mp4,../../videos/okay/mientras/2401/Clip 7.mp4,utterance_138.mp4,0,video_1
0,0,../Videos/Train/video_1/utterance_139.mp4,../../videos/okay/mientras/0703/Clip 6.mp4,utterance_139.mp4,0,video_1
0,0,../Videos/Train/video_1/utterance_140.mp4,../../videos/okay/mientras/0703/Clip 4.mp4,utterance_140.mp4,0,video_1
0,0,../Videos/Train/video_1/utterance_141.mp4,../../videos/okay/mientras/0703/Clip 1.mp4,utterance_141.mp4,0,video_1
0,0,../Videos/Train/video_1/utterance_142.mp4,../../videos/okay/mientras/0703/Clip 2.mp4,utterance_142.mp4,0,video_1
0,0,../Videos/Train/video_1/utterance_143.mp4,../../videos/okay/mientras/0703/Clip 8.mp4,utterance_143.mp4,0,video_1
0,0,../Videos/Train/video_1/utterance_144.mp4,../../videos/okay/mientras/0703/Clip 7.mp4,utterance_144.mp4,0,video_1
0,0,../Videos/Train/video_1/utterance_145.mp4,../../videos/okay/mientras/1103/Clip 4.mp4,utterance_145.mp4,0,video_1
0,0,../Videos/Train/video_1/utterance_146.mp4,../../videos/okay/mientras/1103/Clip 1.mp4,utterance_146.mp4,0,video_1
0,0,../Videos/Train/video_1/utterance_147.mp4,../../videos/okay/mientras/1103/Clip 2.mp4,utterance_147.mp4,0,video_1
0,0,../Videos/Train/video_1/utterance_148.mp4,../../videos/okay/mientras/0804/Clip 35.mp4,utterance_148.mp4,0,video_1
0,0,../Videos/Train/video_1/utterance_149.mp4,../../videos/okay/mientras/0804/Clip 22.mp4,utterance_149.mp4,0,video_1
0,0,../Videos/Train/video_1/utterance_150.mp4,../../videos/okay/mientras/0804/Clip 14.mp4,utterance_150.mp4,0,video_1
0,0,../Videos/Train/video_1/utterance_151.mp4,../../videos/okay/mientras/0804/Clip 41.mp4,utterance_151.mp4,0,video_1
0,0,../Videos/Train/video_1/utterance_152.mp4,../../videos/okay/mientras/0804/Clip 52.mp4,utterance_152.mp4,0,video_1
0,0,../Videos/Train/video_1/utterance_153.mp4,../../videos/okay/mientras/0804/Clip 21.mp4,utterance_153.mp4,0,video_1
0,0,../Videos/Train/video_1/utterance_154.mp4,../../videos/okay/mientras/0804/Clip 6.mp4,utterance_154.mp4,0,video_1
0,0,../Videos/Train/video_1/utterance_155.mp4,../../videos/okay/mientras/0804/Clip 4.mp4,utterance_155.mp4,0,video_1
0,0,../Videos/Train/video_1/utterance_156.mp4,../../videos/okay/mientras/0804/Clip 56.mp4,utterance_156.mp4,0,video_1
0,0,../Videos/Train/video_1/utterance_157.mp4,../../videos/okay/mientras/0804/Clip 55.mp4,utterance_157.mp4,0,video_1
0,0,../Videos/Train/video_1/utterance_158.mp4,../../videos/okay/mientras/0804/Clip 28.mp4,utterance_158.mp4,0,video_1
0,0,../Videos/Train/video_1/utterance_159.mp4,../../videos/okay/mientras/0804/Clip 17.mp4,utterance_159.mp4,0,video_1
0,0,../Videos/Train/video_1/utterance_160.mp4,../../videos/okay/mientras/0804/Clip 10.mp4,utterance_160.mp4,0,video_1
0,0,../Videos/Train/video_1/utterance_161.mp4,../../videos/okay/mientras/0804/Clip 47.mp4,utterance_161.mp4,0,video_1
0,0,../Videos/Train/video_1/utterance_162.mp4,../../videos/okay/mientras/0804/Clip 45.mp4,utterance_162.mp4,0,video_1
0,0,../Videos/Train/video_1/utterance_163.mp4,../../videos/okay/mientras/0804/Clip 42.mp4,utterance_163.mp4,0,video_1
0,0,../Videos/Train/video_1/utterance_164.mp4,../../videos/okay/mientras/0804/Clip 1.mp4,utterance_164.mp4,0,video_1
0,0,../Videos/Train/video_1/utterance_165.mp4,../../videos/okay/mientras/0804/Clip 20.mp4,utterance_165.mp4,0,video_1
0,0,../Videos/Train/video_1/utterance_166.mp4,../../videos/okay/mientras/0804/Clip 39.mp4,utterance_166.mp4,0,video_1
0,0,../Videos/Train/video_1/utterance_167.mp4,../../videos/okay/mientras/0804/Clip 58.mp4,utterance_167.mp4,0,video_1
0,0,../Videos/Train/video_1/utterance_168.mp4,../../videos/okay/mientras/0804/Clip 26.mp4,utterance_168.mp4,0,video_1
0,0,../Videos/Train/video_1/utterance_169.mp4,../../videos/okay/mientras/0804/Clip 44.mp4,utterance_169.mp4,0,video_1
0,0,../Videos/Train/video_1/utterance_170.mp4,../../videos/okay/mientras/0804/Clip 2.mp4,utterance_170.mp4,0,video_1
0,0,../Videos/Train/video_1/utterance_171.mp4,../../videos/okay/mientras/0804/Clip 8.mp4,utterance_171.mp4,0,video_1
0,0,../Videos/Train/video_1/utterance_172.mp4,../../videos/okay/mientras/0804/Clip 11.mp4,utterance_172.mp4,0,video_1
0,0,../Videos/Train/video_1/utterance_173.mp4,../../videos/okay/mientras/0804/Clip 34.mp4,utterance_173.mp4,0,video_1
0,0,../Videos/Train/video_1/utterance_174.mp4,../../videos/okay/mientras/0804/Clip 27.mp4,utterance_174.mp4,0,video_1
0,0,../Videos/Train/video_1/utterance_175.mp4,../../videos/okay/mientras/0804/Clip 23.mp4,utterance_175.mp4,0,video_1
0,0,../Videos/Train/video_1/utterance_176.mp4,../../videos/okay/mientras/0804/Clip 33.mp4,utterance_176.mp4,0,video_1
0,0,../Videos/Train/video_1/utterance_177.mp4,../../videos/okay/mientras/0804/Clip 48.mp4,utterance_177.mp4,0,video_1
0,0,../Videos/Train/video_1/utterance_178.mp4,../../videos/okay/mientras/0804/Clip 53.mp4,utterance_178.mp4,0,video_1
0,0,../Videos/Train/video_1/utterance_179.mp4,../../videos/okay/mientras/0804/Clip 18.mp4,utterance_179.mp4,0,video_1
0,0,../Videos/Train/video_1/utterance_180.mp4,../../videos/okay/mientras/0804/Clip 29.mp4,utterance_180.mp4,0,video_1
0,0,../Videos/Train/video_1/utterance_181.mp4,../../videos/okay/mientras/0804/Clip 59.mp4,utterance_181.mp4,0,video_1
0,0,../Videos/Train/video_1/utterance_182.mp4,../../videos/okay/mientras/0804/Clip 54.mp4,utterance_182.mp4,0,video_1
0,0,../Videos/Train/video_1/utterance_183.mp4,../../videos/okay/mientras/0804/Clip 15.mp4,utterance_183.mp4,0,video_1
0,0,../Videos/Train/video_1/utterance_184.mp4,../../videos/okay/mientras/0804/Clip 40.mp4,utterance_184.mp4,0,video_1
0,0,../Videos/Train/video_1/utterance_185.mp4,../../videos/okay/mientras/0804/Clip 31.mp4,utterance_185.mp4,0,video_1
0,0,../Videos/Train/video_1/utterance_186.mp4,../../videos/okay/mientras/0804/Clip 57.mp4,utterance_186.mp4,0,video_1
0,0,../Videos/Train/video_1/utterance_187.mp4,../../videos/okay/mientras/0804/Clip 7.mp4,utterance_187.mp4,0,video_1
0,0,../Videos/Train/video_1/utterance_188.mp4,../../videos/okay/mientras/0804/Clip 19.mp4,utterance_188.mp4,0,video_1
0,0,../Videos/Train/video_1/utterance_189.mp4,../../videos/okay/mientras/0804/Clip 3.mp4,utterance_189.mp4,0,video_1
0,0,../Videos/Train/video_1/utterance_190.mp4,../../videos/okay/mientras/0804/Clip 37.mp4,utterance_190.mp4,0,video_1
0,0,../Videos/Train/video_1/utterance_191.mp4,../../videos/okay/mientras/0804/Clip 30.mp4,utterance_191.mp4,0,video_1
0,0,../Videos/Train/video_1/utterance_192.mp4,../../videos/okay/mientras/0804/Clip 13.mp4,utterance_192.mp4,0,video_1
0,0,../Videos/Train/video_1/utterance_193.mp4,../../videos/okay/mientras/0804/Clip 38.mp4,utterance_193.mp4,0,video_1
0,0,../Videos/Train/video_1/utterance_194.mp4,../../videos/okay/mientras/0804/Clip 50.mp4,utterance_194.mp4,0,video_1
0,0,../Videos/Train/video_1/utterance_195.mp4,../../videos/okay/mientras/0804/Clip 49.mp4,utterance_195.mp4,0,video_1
0,0,../Videos/Train/video_1/utterance_196.mp4,../../videos/okay/mientras/0804/Clip 24.mp4,utterance_196.mp4,0,video_1
0,0,../Videos/Train/video_1/utterance_197.mp4,../../videos/okay/pulso/2502/Clip 6.mp4,utterance_197.mp4,0,video_1
0,0,../Videos/Train/video_1/utterance_198.mp4,../../videos/okay/pulso/2502/Clip 4.mp4,utterance_198.mp4,0,video_1
0,0,../Videos/Train/video_1/utterance_199.mp4,../../videos/okay/pulso/2502/Clip 1.mp4,utterance_199.mp4,0,video_1
0,0,../Videos/Train/video_1/utterance_200.mp4,../../videos/okay/pulso/2502/Clip 2.mp4,utterance_200.mp4,0,video_1
0,0,../Videos/Train/video_1/utterance_201.mp4,../../videos/okay/pulso/2502/Clip 8.mp4,utterance_201.mp4,0,video_1
0,0,../Videos/Train/video_1/utterance_202.mp4,../../videos/okay/pulso/2502/Clip 7.mp4,utterance_202.mp4,0,video_1
0,0,../Videos/Train/video_1/utterance_203.mp4,../../videos/okay/pulso/1403/Clip 6.mp4,utterance_203.mp4,0,video_1
0,0,../Videos/Train/video_1/utterance_204.mp4,../../videos/okay/pulso/1403/Clip 4.mp4,utterance_204.mp4,0,video_1
0,0,../Videos/Train/video_1/utterance_205.mp4,../../videos/okay/pulso/1403/Clip 1.mp4,utterance_205.mp4,0,video_1
0,0,../Videos/Train/video_1/utterance_206.mp4,../../videos/okay/pulso/1403/Clip 2.mp4,utterance_206.mp4,0,video_1
0,0,../Videos/Train/video_1/utterance_207.mp4,../../videos/okay/pulso/1510/Clip 6.mp4,utterance_207.mp4,0,video_1
0,0,../Videos/Train/video_1/utterance_208.mp4,../../videos/okay/pulso/1510/Clip 4.mp4,utterance_208.mp4,0,video_1
0,0,../Videos/Train/video_1/utterance_209.mp4,../../videos/okay/pulso/1510/Clip 1.mp4,utterance_209.mp4,0,video_1
0,0,../Videos/Train/video_1/utterance_210.mp4,../../videos/okay/pulso/1510/Clip 2.mp4,utterance_210.mp4,0,video_1
0,0,../Videos/Train/video_1/utterance_211.mp4,../../videos/okay/pulso/1510/Clip 7.mp4,utterance_211.mp4,0,video_1
0,0,../Videos/Train/video_1/utterance_212.mp4,../../videos/okay/pulso/2101/Clip 6.mp4,utterance_212.mp4,0,video_1
0,0,../Videos/Train/video_1/utterance_213.mp4,../../videos/okay/pulso/2101/Clip 4.mp4,utterance_213.mp4,0,video_1
0,0,../Videos/Train/video_1/utterance_214.mp4,../../videos/okay/pulso/2101/Clip 1.mp4,utterance_214.mp4,0,video_1
0,0,../Videos/Train/video_1/utterance_215.mp4,../../videos/okay/pulso/2101/Clip 2.mp4,utterance_215.mp4,0,video_1
0,0,../Videos/Train/video_1/utterance_216.mp4,../../videos/okay/pulso/2101/Clip 7.mp4,utterance_216.mp4,0,video_1
0,0,../Videos/Train/video_1/utterance_217.mp4,../../videos/okay/pulso/0403/Clip 6.mp4,utterance_217.mp4,0,video_1
0,0,../Videos/Train/video_1/utterance_218.mp4,../../videos/okay/pulso/0403/Clip 4.mp4,utterance_218.mp4,0,video_1
0,0,../Videos/Train/video_1/utterance_219.mp4,../../videos/okay/pulso/0403/Clip 1.mp4,utterance_219.mp4,0,video_1
0,0,../Videos/Train/video_1/utterance_220.mp4,../../videos/okay/pulso/0403/Clip 2.mp4,utterance_220.mp4,0,video_1
0,0,../Videos/Train/video_1/utterance_221.mp4,../../videos/okay/pulso/1207/Clip 6.mp4,utterance_221.mp4,0,video_1
0,0,../Videos/Train/video_1/utterance_222.mp4,../../videos/okay/pulso/1207/Clip 4.mp4,utterance_222.mp4,0,video_1
0,0,../Videos/Train/video_1/utterance_223.mp4,../../videos/okay/pulso/1207/Clip 1.mp4,utterance_223.mp4,0,video_1
0,0,../Videos/Train/video_1/utterance_224.mp4,../../videos/okay/pulso/1207/Clip 2.mp4,utterance_224.mp4,0,video_1
0,0,../Videos/Train/video_1/utterance_225.mp4,../../videos/okay/pulso/0703/Clip 4.mp4,utterance_225.mp4,0,video_1
0,0,../Videos/Train/video_1/utterance_226.mp4,../../videos/okay/pulso/0703/Clip 1.mp4,utterance_226.mp4,0,video_1
0,0,../Videos/Train/video_1/utterance_227.mp4,../../videos/okay/pulso/0703/Clip 2.mp4,utterance_227.mp4,0,video_1
0,0,../Videos/Train/video_1/utterance_228.mp4,../../videos/okay/pulso/1211/Clip 6.mp4,utterance_228.mp4,0,video_1
0,0,../Videos/Train/video_1/utterance_229.mp4,../../videos/okay/pulso/1211/Clip 4.mp4,utterance_229.mp4,0,video_1
0,0,../Videos/Train/video_1/utterance_230.mp4,../../videos/okay/pulso/1211/Clip 1.mp4,utterance_230.mp4,0,video_1
0,0,../Videos/Train/video_1/utterance_231.mp4,../../videos/okay/pulso/1211/Clip 2.mp4,utterance_231.mp4,0,video_1
1,0,../Videos/Train/video_1/utterance_232.mp4,../../videos/blooper/fun/0904/Clip 4.mp4,utterance_232.mp4,0,video_1
1,0,../Videos/Train/video_1/utterance_233.mp4,../../videos/blooper/fun/0904/Clip 1.mp4,utterance_233.mp4,0,video_1
1,0,../Videos/Train/video_1/utterance_234.mp4,../../videos/blooper/fun/0904/Clip 2.mp4,utterance_234.mp4,0,video_1
1,0,../Videos/Train/video_1/utterance_235.mp4,../../videos/blooper/craft/0101/16.mp4,utterance_235.mp4,0,video_1
1,0,../Videos/Train/video_1/utterance_236.mp4,../../videos/blooper/craft/0101/25.mp4,utterance_236.mp4,0,video_1
1,0,../Videos/Train/video_1/utterance_237.mp4,../../videos/blooper/craft/0101/9.mp4,utterance_237.mp4,0,video_1
1,0,../Videos/Train/video_1/utterance_238.mp4,../../videos/blooper/craft/0101/23.mp4,utterance_238.mp4,0,video_1
1,0,../Videos/Train/video_1/utterance_239.mp4,../../videos/blooper/craft/0101/11.mp4,utterance_239.mp4,0,video_1
1,0,../Videos/Train/video_1/utterance_240.mp4,../../videos/blooper/craft/0101/29.mp4,utterance_240.mp4,0,video_1
1,0,../Videos/Train/video_1/utterance_241.mp4,../../videos/blooper/craft/0101/28.mp4,utterance_241.mp4,0,video_1
1,0,../Videos/Train/video_1/utterance_242.mp4,../../videos/blooper/craft/0101/12.mp4,utterance_242.mp4,0,video_1
1,0,../Videos/Train/video_1/utterance_243.mp4,../../videos/blooper/craft/0101/13.mp4,utterance_243.mp4,0,video_1
1,0,../Videos/Train/video_1/utterance_244.mp4,../../videos/blooper/craft/0101/4.mp4,utterance_244.mp4,0,video_1
1,0,../Videos/Train/video_1/utterance_245.mp4,../../videos/blooper/craft/0101/31.mp4,utterance_245.mp4,0,video_1
1,0,../Videos/Train/video_1/utterance_246.mp4,../../videos/blooper/craft/0101/3.mp4,utterance_246.mp4,0,video_1
1,0,../Videos/Train/video_1/utterance_247.mp4,../../videos/blooper/craft/0101/8.mp4,utterance_247.mp4,0,video_1
1,0,../Videos/Train/video_1/utterance_248.mp4,../../videos/blooper/craft/0101/26.mp4,utterance_248.mp4,0,video_1
1,0,../Videos/Train/video_1/utterance_249.mp4,../../videos/blooper/craft/0101/6.mp4,utterance_249.mp4,0,video_1
1,0,../Videos/Train/video_1/utterance_250.mp4,../../videos/blooper/craft/0101/2.mp4,utterance_250.mp4,0,video_1
1,0,../Videos/Train/video_1/utterance_251.mp4,../../videos/blooper/craft/0101/14.mp4,utterance_251.mp4,0,video_1
1,0,../Videos/Train/video_1/utterance_252.mp4,../../videos/blooper/craft/0101/24.mp4,utterance_252.mp4,0,video_1
1,0,../Videos/Train/video_1/utterance_253.mp4,../../videos/blooper/craft/0101/30.mp4,utterance_253.mp4,0,video_1
1,0,../Videos/Train/video_1/utterance_254.mp4,../../videos/blooper/craft/0101/17.mp4,utterance_254.mp4,0,video_1
1,0,../Videos/Train/video_1/utterance_255.mp4,../../videos/blooper/craft/0101/18.mp4,utterance_255.mp4,0,video_1
1,0,../Videos/Train/video_1/utterance_256.mp4,../../videos/blooper/craft/0101/10.mp4,utterance_256.mp4,0,video_1
1,0,../Videos/Train/video_1/utterance_257.mp4,../../videos/blooper/craft/0101/20.mp4,utterance_257.mp4,0,video_1
1,0,../Videos/Train/video_1/utterance_258.mp4,../../videos/blooper/craft/0101/27.mp4,utterance_258.mp4,0,video_1
1,0,../Videos/Train/video_1/utterance_259.mp4,../../videos/blooper/craft/0101/7.mp4,utterance_259.mp4,0,video_1
1,0,../Videos/Train/video_1/utterance_260.mp4,../../videos/blooper/mientras/1802/Clip 4.mp4,utterance_260.mp4,0,video_1
1,0,../Videos/Train/video_1/utterance_261.mp4,../../videos/blooper/mientras/1802/Clip 1.mp4,utterance_261.mp4,0,video_1
1,0,../Videos/Train/video_1/utterance_262.mp4,../../videos/blooper/mientras/1802/Clip 2.mp4,utterance_262.mp4,0,video_1
1,0,../Videos/Train/video_1/utterance_263.mp4,../../videos/blooper/mientras/2502/Clip 4.mp4,utterance_263.mp4,0,video_1
1,0,../Videos/Train/video_1/utterance_264.mp4,../../videos/blooper/mientras/2502/Clip 1.mp4,utterance_264.mp4,0,video_1
1,0,../Videos/Train/video_1/utterance_265.mp4,../../videos/blooper/mientras/2502/Clip 2.mp4,utterance_265.mp4,0,video_1
1,0,../Videos/Train/video_1/utterance_266.mp4,../../videos/blooper/mientras/1803/Clip 4.mp4,utterance_266.mp4,0,video_1
1,0,../Videos/Train/video_1/utterance_267.mp4,../../videos/blooper/mientras/1803/Clip 1.mp4,utterance_267.mp4,0,video_1
1,0,../Videos/Train/video_1/utterance_268.mp4,../../videos/blooper/mientras/1402/Clip 6.mp4,utterance_268.mp4,0,video_1
1,0,../Videos/Train/video_1/utterance_269.mp4,../../videos/blooper/mientras/1402/Clip 4.mp4,utterance_269.mp4,0,video_1
1,0,../Videos/Train/video_1/utterance_270.mp4,../../videos/blooper/mientras/1402/Clip 1.mp4,utterance_270.mp4,0,video_1
1,0,../Videos/Train/video_1/utterance_271.mp4,../../videos/blooper/mientras/1402/Clip 2.mp4,utterance_271.mp4,0,video_1
1,0,../Videos/Train/video_1/utterance_272.mp4,../../videos/blooper/mientras/1402/Clip 8.mp4,utterance_272.mp4,0,video_1
1,0,../Videos/Train/video_1/utterance_273.mp4,../../videos/blooper/mientras/1402/Clip 7.mp4,utterance_273.mp4,0,video_1
1,0,../Videos/Train/video_1/utterance_274.mp4,../../videos/blooper/mientras/1403/Clip 4.mp4,utterance_274.mp4,0,video_1
1,0,../Videos/Train/video_1/utterance_275.mp4,../../videos/blooper/mientras/1403/Clip 1.mp4,utterance_275.mp4,0,video_1
1,0,../Videos/Train/video_1/utterance_276.mp4,../../videos/blooper/mientras/0304/Clip 22.mp4,utterance_276.mp4,0,video_1
1,0,../Videos/Train/video_1/utterance_277.mp4,../../videos/blooper/mientras/0304/Clip 14.mp4,utterance_277.mp4,0,video_1
1,0,../Videos/Train/video_1/utterance_278.mp4,../../videos/blooper/mientras/0304/Clip 21.mp4,utterance_278.mp4,0,video_1
1,0,../Videos/Train/video_1/utterance_279.mp4,../../videos/blooper/mientras/0304/Clip 6.mp4,utterance_279.mp4,0,video_1
1,0,../Videos/Train/video_1/utterance_280.mp4,../../videos/blooper/mientras/0304/Clip 4.mp4,utterance_280.mp4,0,video_1
1,0,../Videos/Train/video_1/utterance_281.mp4,../../videos/blooper/mientras/0304/Clip 28.mp4,utterance_281.mp4,0,video_1
1,0,../Videos/Train/video_1/utterance_282.mp4,../../videos/blooper/mientras/0304/Clip 17.mp4,utterance_282.mp4,0,video_1
1,0,../Videos/Train/video_1/utterance_283.mp4,../../videos/blooper/mientras/0304/Clip 10.mp4,utterance_283.mp4,0,video_1
1,0,../Videos/Train/video_1/utterance_284.mp4,../../videos/blooper/mientras/0304/Clip 1.mp4,utterance_284.mp4,0,video_1
1,0,../Videos/Train/video_1/utterance_285.mp4,../../videos/blooper/mientras/0304/Clip 20.mp4,utterance_285.mp4,0,video_1
1,0,../Videos/Train/video_1/utterance_286.mp4,../../videos/blooper/mientras/0304/Clip 26.mp4,utterance_286.mp4,0,video_1
1,0,../Videos/Train/video_1/utterance_287.mp4,../../videos/blooper/mientras/0304/Clip 2.mp4,utterance_287.mp4,0,video_1
1,0,../Videos/Train/video_1/utterance_288.mp4,../../videos/blooper/mientras/0304/Clip 8.mp4,utterance_288.mp4,0,video_1
1,0,../Videos/Train/video_1/utterance_289.mp4,../../videos/blooper/mientras/0304/Clip 11.mp4,utterance_289.mp4,0,video_1
1,0,../Videos/Train/video_1/utterance_290.mp4,../../videos/blooper/mientras/0304/Clip 27.mp4,utterance_290.mp4,0,video_1
1,0,../Videos/Train/video_1/utterance_291.mp4,../../videos/blooper/mientras/0304/Clip 23.mp4,utterance_291.mp4,0,video_1
1,0,../Videos/Train/video_1/utterance_292.mp4,../../videos/blooper/mientras/0304/Clip 18.mp4,utterance_292.mp4,0,video_1
1,0,../Videos/Train/video_1/utterance_293.mp4,../../videos/blooper/mientras/0304/Clip 15.mp4,utterance_293.mp4,0,video_1
1,0,../Videos/Train/video_1/utterance_294.mp4,../../videos/blooper/mientras/0304/Clip 7.mp4,utterance_294.mp4,0,video_1
1,0,../Videos/Train/video_1/utterance_295.mp4,../../videos/blooper/mientras/0304/Clip 19.mp4,utterance_295.mp4,0,video_1
1,0,../Videos/Train/video_1/utterance_296.mp4,../../videos/blooper/mientras/0304/Clip 3.mp4,utterance_296.mp4,0,video_1
1,0,../Videos/Train/video_1/utterance_297.mp4,../../videos/blooper/mientras/0304/Clip 13.mp4,utterance_297.mp4,0,video_1
1,0,../Videos/Train/video_1/utterance_298.mp4,../../videos/blooper/mientras/0304/Clip 24.mp4,utterance_298.mp4,0,video_1
1,0,../Videos/Train/video_1/utterance_299.mp4,../../videos/blooper/mientras/0304/Clip 9.mp4,utterance_299.mp4,0,video_1
1,0,../Videos/Train/video_1/utterance_300.mp4,../../videos/blooper/mientras/1102/Clip 6.mp4,utterance_300.mp4,0,video_1
1,0,../Videos/Train/video_1/utterance_301.mp4,../../videos/blooper/mientras/1102/Clip 4.mp4,utterance_301.mp4,0,video_1
1,0,../Videos/Train/video_1/utterance_302.mp4,../../videos/blooper/mientras/1102/Clip 1.mp4,utterance_302.mp4,0,video_1
1,0,../Videos/Train/video_1/utterance_303.mp4,../../videos/blooper/mientras/1102/Clip 2.mp4,utterance_303.mp4,0,video_1
1,0,../Videos/Train/video_1/utterance_304.mp4,../../videos/blooper/mientras/0404/Clip 35.mp4,utterance_304.mp4,0,video_1
1,0,../Videos/Train/video_1/utterance_305.mp4,../../videos/blooper/mientras/0404/Clip 22.mp4,utterance_305.mp4,0,video_1
1,0,../Videos/Train/video_1/utterance_306.mp4,../../videos/blooper/mientras/0404/Clip 14.mp4,utterance_306.mp4,0,video_1
1,0,../Videos/Train/video_1/utterance_307.mp4,../../videos/blooper/mientras/0404/Clip 41.mp4,utterance_307.mp4,0,video_1
1,0,../Videos/Train/video_1/utterance_308.mp4,../../videos/blooper/mientras/0404/Clip 52.mp4,utterance_308.mp4,0,video_1
1,0,../Videos/Train/video_1/utterance_309.mp4,../../videos/blooper/mientras/0404/Clip 21.mp4,utterance_309.mp4,0,video_1
1,0,../Videos/Train/video_1/utterance_310.mp4,../../videos/blooper/mientras/0404/Clip 6.mp4,utterance_310.mp4,0,video_1
1,0,../Videos/Train/video_1/utterance_311.mp4,../../videos/blooper/mientras/0404/Clip 4.mp4,utterance_311.mp4,0,video_1
1,0,../Videos/Train/video_1/utterance_312.mp4,../../videos/blooper/mientras/0404/Clip 56.mp4,utterance_312.mp4,0,video_1
1,0,../Videos/Train/video_1/utterance_313.mp4,../../videos/blooper/mientras/0404/Clip 61.mp4,utterance_313.mp4,0,video_1
1,0,../Videos/Train/video_1/utterance_314.mp4,../../videos/blooper/mientras/0404/Clip 55.mp4,utterance_314.mp4,0,video_1
1,0,../Videos/Train/video_1/utterance_315.mp4,../../videos/blooper/mientras/0404/Clip 28.mp4,utterance_315.mp4,0,video_1
1,0,../Videos/Train/video_1/utterance_316.mp4,../../videos/blooper/mientras/0404/Clip 17.mp4,utterance_316.mp4,0,video_1
1,0,../Videos/Train/video_1/utterance_317.mp4,../../videos/blooper/mientras/0404/Clip 10.mp4,utterance_317.mp4,0,video_1
1,0,../Videos/Train/video_1/utterance_318.mp4,../../videos/blooper/mientras/0404/Clip 47.mp4,utterance_318.mp4,0,video_1
1,0,../Videos/Train/video_1/utterance_319.mp4,../../videos/blooper/mientras/0404/Clip 45.mp4,utterance_319.mp4,0,video_1
1,0,../Videos/Train/video_1/utterance_320.mp4,../../videos/blooper/mientras/0404/Clip 42.mp4,utterance_320.mp4,0,video_1
1,0,../Videos/Train/video_1/utterance_321.mp4,../../videos/blooper/mientras/0404/Clip 1.mp4,utterance_321.mp4,0,video_1
1,0,../Videos/Train/video_1/utterance_322.mp4,../../videos/blooper/mientras/0404/Clip 20.mp4,utterance_322.mp4,0,video_1
1,0,../Videos/Train/video_1/utterance_323.mp4,../../videos/blooper/mientras/0404/Clip 39.mp4,utterance_323.mp4,0,video_1
1,0,../Videos/Train/video_1/utterance_324.mp4,../../videos/blooper/mientras/0404/Clip 63.mp4,utterance_324.mp4,0,video_1
1,0,../Videos/Train/video_1/utterance_325.mp4,../../videos/blooper/mientras/0404/Clip 58.mp4,utterance_325.mp4,0,video_1
1,0,../Videos/Train/video_1/utterance_326.mp4,../../videos/blooper/mientras/0404/Clip 26.mp4,utterance_326.mp4,0,video_1
1,0,../Videos/Train/video_1/utterance_327.mp4,../../videos/blooper/mientras/0404/Clip 64.mp4,utterance_327.mp4,0,video_1
1,0,../Videos/Train/video_1/utterance_328.mp4,../../videos/blooper/mientras/0404/Clip 44.mp4,utterance_328.mp4,0,video_1
1,0,../Videos/Train/video_1/utterance_329.mp4,../../videos/blooper/mientras/0404/Clip 2.mp4,utterance_329.mp4,0,video_1
1,0,../Videos/Train/video_1/utterance_330.mp4,../../videos/blooper/mientras/0404/Clip 8.mp4,utterance_330.mp4,0,video_1
1,0,../Videos/Train/video_1/utterance_331.mp4,../../videos/blooper/mientras/0404/Clip 68.mp4,utterance_331.mp4,0,video_1
1,0,../Videos/Train/video_1/utterance_332.mp4,../../videos/blooper/mientras/0404/Clip 11.mp4,utterance_332.mp4,0,video_1
1,0,../Videos/Train/video_1/utterance_333.mp4,../../videos/blooper/mientras/0404/Clip 34.mp4,utterance_333.mp4,0,video_1
1,0,../Videos/Train/video_1/utterance_334.mp4,../../videos/blooper/mientras/0404/Clip 27.mp4,utterance_334.mp4,0,video_1
1,0,../Videos/Train/video_1/utterance_335.mp4,../../videos/blooper/mientras/0404/Clip 23.mp4,utterance_335.mp4,0,video_1
1,0,../Videos/Train/video_1/utterance_336.mp4,../../videos/blooper/mientras/0404/Clip 67.mp4,utterance_336.mp4,0,video_1
1,0,../Videos/Train/video_1/utterance_337.mp4,../../videos/blooper/mientras/0404/Clip 60.mp4,utterance_337.mp4,0,video_1
1,0,../Videos/Train/video_1/utterance_338.mp4,../../videos/blooper/mientras/0404/Clip 33.mp4,utterance_338.mp4,0,video_1
1,0,../Videos/Train/video_1/utterance_339.mp4,../../videos/blooper/mientras/0404/Clip 53.mp4,utterance_339.mp4,0,video_1
1,0,../Videos/Train/video_1/utterance_340.mp4,../../videos/blooper/mientras/0404/Clip 18.mp4,utterance_340.mp4,0,video_1
1,0,../Videos/Train/video_1/utterance_341.mp4,../../videos/blooper/mientras/0404/Clip 29.mp4,utterance_341.mp4,0,video_1
1,0,../Videos/Train/video_1/utterance_342.mp4,../../videos/blooper/mientras/0404/Clip 59.mp4,utterance_342.mp4,0,video_1
1,0,../Videos/Train/video_1/utterance_343.mp4,../../videos/blooper/mientras/0404/Clip 48r.mp4,utterance_343.mp4,0,video_1
1,0,../Videos/Train/video_1/utterance_344.mp4,../../videos/blooper/mientras/0404/Clip 54.mp4,utterance_344.mp4,0,video_1
1,0,../Videos/Train/video_1/utterance_345.mp4,../../videos/blooper/mientras/0404/Clip 15.mp4,utterance_345.mp4,0,video_1
1,0,../Videos/Train/video_1/utterance_346.mp4,../../videos/blooper/mientras/0404/Clip 40.mp4,utterance_346.mp4,0,video_1
1,0,../Videos/Train/video_1/utterance_347.mp4,../../videos/blooper/mientras/0404/Clip 31.mp4,utterance_347.mp4,0,video_1
1,0,../Videos/Train/video_1/utterance_348.mp4,../../videos/blooper/mientras/0404/Clip 57.mp4,utterance_348.mp4,0,video_1
1,0,../Videos/Train/video_1/utterance_349.mp4,../../videos/blooper/mientras/0404/Clip 7.mp4,utterance_349.mp4,0,video_1
1,0,../Videos/Train/video_1/utterance_350.mp4,../../videos/blooper/mientras/0404/Clip 19.mp4,utterance_350.mp4,0,video_1
1,0,../Videos/Train/video_1/utterance_351.mp4,../../videos/blooper/mientras/0404/Clip 3.mp4,utterance_351.mp4,0,video_1
1,0,../Videos/Train/video_1/utterance_352.mp4,../../videos/blooper/mientras/0404/Clip 37.mp4,utterance_352.mp4,0,video_1
1,0,../Videos/Train/video_1/utterance_353.mp4,../../videos/blooper/mientras/0404/Clip 30.mp4,utterance_353.mp4,0,video_1
1,0,../Videos/Train/video_1/utterance_354.mp4,../../videos/blooper/mientras/0404/Clip 13.mp4,utterance_354.mp4,0,video_1
1,0,../Videos/Train/video_1/utterance_355.mp4,../../videos/blooper/mientras/0404/Clip 66.mp4,utterance_355.mp4,0,video_1
1,0,../Videos/Train/video_1/utterance_356.mp4,../../videos/blooper/mientras/0404/Clip 65.mp4,utterance_356.mp4,0,video_1
1,0,../Videos/Train/video_1/utterance_357.mp4,../../videos/blooper/mientras/0404/Clip 38.mp4,utterance_357.mp4,0,video_1
1,0,../Videos/Train/video_1/utterance_358.mp4,../../videos/blooper/mientras/0404/Clip 50.mp4,utterance_358.mp4,0,video_1
1,0,../Videos/Train/video_1/utterance_359.mp4,../../videos/blooper/mientras/0404/Clip 62.mp4,utterance_359.mp4,0,video_1
1,0,../Videos/Train/video_1/utterance_360.mp4,../../videos/blooper/mientras/0403/Clip 4.mp4,utterance_360.mp4,0,video_1
1,0,../Videos/Train/video_1/utterance_361.mp4,../../videos/blooper/mientras/0403/Clip 1.mp4,utterance_361.mp4,0,video_1
1,0,../Videos/Train/video_1/utterance_362.mp4,../../videos/blooper/mientras/0403/Clip 2.mp4,utterance_362.mp4,0,video_1
1,0,../Videos/Train/video_1/utterance_363.mp4,../../videos/blooper/mientras/2802/Clip 6.mp4,utterance_363.mp4,0,video_1
1,0,../Videos/Train/video_1/utterance_364.mp4,../../videos/blooper/mientras/2802/Clip 4.mp4,utterance_364.mp4,0,video_1
1,0,../Videos/Train/video_1/utterance_365.mp4,../../videos/blooper/mientras/2802/Clip 1.mp4,utterance_365.mp4,0,video_1
1,0,../Videos/Train/video_1/utterance_366.mp4,../../videos/blooper/mientras/2802/Clip 2.mp4,utterance_366.mp4,0,video_1
1,0,../Videos/Train/video_1/utterance_367.mp4,../../videos/blooper/mientras/2102/Clip 4.mp4,utterance_367.mp4,0,video_1
1,0,../Videos/Train/video_1/utterance_368.mp4,../../videos/blooper/mientras/2102/Clip 1.mp4,utterance_368.mp4,0,video_1
1,0,../Videos/Train/video_1/utterance_369.mp4,../../videos/blooper/mientras/2102/Clip 2.mp4,utterance_369.mp4,0,video_1
1,0,../Videos/Train/video_1/utterance_370.mp4,../../videos/blooper/mientras/0703/Clip 6.mp4,utterance_370.mp4,0,video_1
1,0,../Videos/Train/video_1/utterance_371.mp4,../../videos/blooper/mientras/0703/Clip 4.mp4,utterance_371.mp4,0,video_1
1,0,../Videos/Train/video_1/utterance_372.mp4,../../videos/blooper/mientras/0703/Clip 1.mp4,utterance_372.mp4,0,video_1
1,0,../Videos/Train/video_1/utterance_373.mp4,../../videos/blooper/mientras/0703/Clip 2.mp4,utterance_373.mp4,0,video_1
1,0,../Videos/Train/video_1/utterance_374.mp4,../../videos/blooper/mientras/1103/Clip 4.mp4,utterance_374.mp4,0,video_1
1,0,../Videos/Train/video_1/utterance_375.mp4,../../videos/blooper/mientras/1103/Clip 1.mp4,utterance_375.mp4,0,video_1
1,0,../Videos/Train/video_1/utterance_376.mp4,../../videos/blooper/mientras/0804/Clip 35.mp4,utterance_376.mp4,0,video_1
1,0,../Videos/Train/video_1/utterance_377.mp4,../../videos/blooper/mientras/0804/Clip 22.mp4,utterance_377.mp4,0,video_1
1,0,../Videos/Train/video_1/utterance_378.mp4,../../videos/blooper/mientras/0804/Clip 14.mp4,utterance_378.mp4,0,video_1
1,0,../Videos/Train/video_1/utterance_379.mp4,../../videos/blooper/mientras/0804/Clip 41.mp4,utterance_379.mp4,0,video_1
1,0,../Videos/Train/video_1/utterance_380.mp4,../../videos/blooper/mientras/0804/Clip 52.mp4,utterance_380.mp4,0,video_1
1,0,../Videos/Train/video_1/utterance_381.mp4,../../videos/blooper/mientras/0804/Clip 21.mp4,utterance_381.mp4,0,video_1
1,0,../Videos/Train/video_1/utterance_382.mp4,../../videos/blooper/mientras/0804/Clip 6.mp4,utterance_382.mp4,0,video_1
1,0,../Videos/Train/video_1/utterance_383.mp4,../../videos/blooper/mientras/0804/Clip 4.mp4,utterance_383.mp4,0,video_1
1,0,../Videos/Train/video_1/utterance_384.mp4,../../videos/blooper/mientras/0804/Clip 56.mp4,utterance_384.mp4,0,video_1
1,0,../Videos/Train/video_1/utterance_385.mp4,../../videos/blooper/mientras/0804/Clip 61.mp4,utterance_385.mp4,0,video_1
1,0,../Videos/Train/video_1/utterance_386.mp4,../../videos/blooper/mientras/0804/Clip 55.mp4,utterance_386.mp4,0,video_1
1,0,../Videos/Train/video_1/utterance_387.mp4,../../videos/blooper/mientras/0804/Clip 28.mp4,utterance_387.mp4,0,video_1
1,0,../Videos/Train/video_1/utterance_388.mp4,../../videos/blooper/mientras/0804/Clip 17.mp4,utterance_388.mp4,0,video_1
1,0,../Videos/Train/video_1/utterance_389.mp4,../../videos/blooper/mientras/0804/Clip 10.mp4,utterance_389.mp4,0,video_1
1,0,../Videos/Train/video_1/utterance_390.mp4,../../videos/blooper/mientras/0804/Clip 47.mp4,utterance_390.mp4,0,video_1
1,0,../Videos/Train/video_1/utterance_391.mp4,../../videos/blooper/mientras/0804/Clip 45.mp4,utterance_391.mp4,0,video_1
1,0,../Videos/Train/video_1/utterance_392.mp4,../../videos/blooper/mientras/0804/Clip 42.mp4,utterance_392.mp4,0,video_1
1,0,../Videos/Train/video_1/utterance_393.mp4,../../videos/blooper/mientras/0804/Clip 1.mp4,utterance_393.mp4,0,video_1
1,0,../Videos/Train/video_1/utterance_394.mp4,../../videos/blooper/mientras/0804/Clip 20.mp4,utterance_394.mp4,0,video_1
1,0,../Videos/Train/video_1/utterance_395.mp4,../../videos/blooper/mientras/0804/Clip 39.mp4,utterance_395.mp4,0,video_1
1,0,../Videos/Train/video_1/utterance_396.mp4,../../videos/blooper/mientras/0804/Clip 63.mp4,utterance_396.mp4,0,video_1
1,0,../Videos/Train/video_1/utterance_397.mp4,../../videos/blooper/mientras/0804/Clip 58.mp4,utterance_397.mp4,0,video_1
1,0,../Videos/Train/video_1/utterance_398.mp4,../../videos/blooper/mientras/0804/Clip 26.mp4,utterance_398.mp4,0,video_1
1,0,../Videos/Train/video_1/utterance_399.mp4,../../videos/blooper/mientras/0804/Clip 44.mp4,utterance_399.mp4,0,video_1
1,0,../Videos/Train/video_1/utterance_400.mp4,../../videos/blooper/mientras/0804/Clip 2.mp4,utterance_400.mp4,0,video_1
1,0,../Videos/Train/video_1/utterance_401.mp4,../../videos/blooper/mientras/0804/Clip 8.mp4,utterance_401.mp4,0,video_1
1,0,../Videos/Train/video_1/utterance_402.mp4,../../videos/blooper/mientras/0804/Clip 11.mp4,utterance_402.mp4,0,video_1
1,0,../Videos/Train/video_1/utterance_403.mp4,../../videos/blooper/mientras/0804/Clip 34.mp4,utterance_403.mp4,0,video_1
1,0,../Videos/Train/video_1/utterance_404.mp4,../../videos/blooper/mientras/0804/Clip 27.mp4,utterance_404.mp4,0,video_1
1,0,../Videos/Train/video_1/utterance_405.mp4,../../videos/blooper/mientras/0804/Clip 23.mp4,utterance_405.mp4,0,video_1
1,0,../Videos/Train/video_1/utterance_406.mp4,../../videos/blooper/mientras/0804/Clip 60.mp4,utterance_406.mp4,0,video_1
1,0,../Videos/Train/video_1/utterance_407.mp4,../../videos/blooper/mientras/0804/Clip 33.mp4,utterance_407.mp4,0,video_1
1,0,../Videos/Train/video_1/utterance_408.mp4,../../videos/blooper/mientras/0804/Clip 48.mp4,utterance_408.mp4,0,video_1
1,0,../Videos/Train/video_1/utterance_409.mp4,../../videos/blooper/mientras/0804/Clip 53.mp4,utterance_409.mp4,0,video_1
1,0,../Videos/Train/video_1/utterance_410.mp4,../../videos/blooper/mientras/0804/Clip 18.mp4,utterance_410.mp4,0,video_1
1,0,../Videos/Train/video_1/utterance_411.mp4,../../videos/blooper/mientras/0804/Clip 29.mp4,utterance_411.mp4,0,video_1
1,0,../Videos/Train/video_1/utterance_412.mp4,../../videos/blooper/mientras/0804/Clip 59.mp4,utterance_412.mp4,0,video_1
1,0,../Videos/Train/video_1/utterance_413.mp4,../../videos/blooper/mientras/0804/Clip 54.mp4,utterance_413.mp4,0,video_1
1,0,../Videos/Train/video_1/utterance_414.mp4,../../videos/blooper/mientras/0804/Clip 15.mp4,utterance_414.mp4,0,video_1
1,0,../Videos/Train/video_1/utterance_415.mp4,../../videos/blooper/mientras/0804/Clip 40.mp4,utterance_415.mp4,0,video_1
1,0,../Videos/Train/video_1/utterance_416.mp4,../../videos/blooper/mientras/0804/Clip 31.mp4,utterance_416.mp4,0,video_1
1,0,../Videos/Train/video_1/utterance_417.mp4,../../videos/blooper/mientras/0804/Clip 57.mp4,utterance_417.mp4,0,video_1
1,0,../Videos/Train/video_1/utterance_418.mp4,../../videos/blooper/mientras/0804/Clip 7.mp4,utterance_418.mp4,0,video_1
1,0,../Videos/Train/video_1/utterance_419.mp4,../../videos/blooper/mientras/0804/Clip 19.mp4,utterance_419.mp4,0,video_1
1,0,../Videos/Train/video_1/utterance_420.mp4,../../videos/blooper/mientras/0804/Clip 3.mp4,utterance_420.mp4,0,video_1
1,0,../Videos/Train/video_1/utterance_421.mp4,../../videos/blooper/mientras/0804/Clip 37.mp4,utterance_421.mp4,0,video_1
1,0,../Videos/Train/video_1/utterance_422.mp4,../../videos/blooper/mientras/0804/Clip 30.mp4,utterance_422.mp4,0,video_1
1,0,../Videos/Train/video_1/utterance_423.mp4,../../videos/blooper/mientras/0804/Clip 13.mp4,utterance_423.mp4,0,video_1
1,0,../Videos/Train/video_1/utterance_424.mp4,../../videos/blooper/mientras/0804/Clip 38.mp4,utterance_424.mp4,0,video_1
1,0,../Videos/Train/video_1/utterance_425.mp4,../../videos/blooper/mientras/0804/Clip 50.mp4,utterance_425.mp4,0,video_1
1,0,../Videos/Train/video_1/utterance_426.mp4,../../videos/blooper/mientras/0804/Clip 62.mp4,utterance_426.mp4,0,video_1
1,0,../Videos/Train/video_1/utterance_427.mp4,../../videos/blooper/pulso/0101/0101_22.mp4,utterance_427.mp4,0,video_1
1,0,../Videos/Train/video_1/utterance_428.mp4,../../videos/blooper/pulso/0101/0101_10.mp4,utterance_428.mp4,0,video_1
1,0,../Videos/Train/video_1/utterance_429.mp4,../../videos/blooper/pulso/0101/0101_18.mp4,utterance_429.mp4,0,video_1
1,0,../Videos/Train/video_1/utterance_430.mp4,../../videos/blooper/pulso/0101/0101_24.mp4,utterance_430.mp4,0,video_1
1,0,../Videos/Train/video_1/utterance_431.mp4,../../videos/blooper/pulso/0101/0101_3.mp4,utterance_431.mp4,0,video_1
1,0,../Videos/Train/video_1/utterance_432.mp4,../../videos/blooper/pulso/0101/0101_17.mp4,utterance_432.mp4,0,video_1
1,0,../Videos/Train/video_1/utterance_433.mp4,../../videos/blooper/pulso/0101/0101_19.mp4,utterance_433.mp4,0,video_1
1,0,../Videos/Train/video_1/utterance_434.mp4,../../videos/blooper/pulso/0101/0101_20.mp4,utterance_434.mp4,0,video_1
1,0,../Videos/Train/video_1/utterance_435.mp4,../../videos/blooper/pulso/0101/0101_25.mp4,utterance_435.mp4,0,video_1
1,0,../Videos/Train/video_1/utterance_436.mp4,../../videos/blooper/pulso/0101/0101_7.mp4,utterance_436.mp4,0,video_1
1,0,../Videos/Train/video_1/utterance_437.mp4,../../videos/blooper/pulso/0101/0101_6.mp4,utterance_437.mp4,0,video_1
1,0,../Videos/Train/video_1/utterance_438.mp4,../../videos/blooper/pulso/0101/0101_5.mp4,utterance_438.mp4,0,video_1
1,0,../Videos/Train/video_1/utterance_439.mp4,../../videos/blooper/pulso/0101/0101_11.mp4,utterance_439.mp4,0,video_1
1,0,../Videos/Train/video_1/utterance_440.mp4,../../videos/blooper/pulso/0101/0101_2.mp4,utterance_440.mp4,0,video_1
1,0,../Videos/Train/video_1/utterance_441.mp4,../../videos/blooper/pulso/0101/0101_12.mp4,utterance_441.mp4,0,video_1
1,0,../Videos/Train/video_1/utterance_442.mp4,../../videos/blooper/pulso/0101/0101_21.mp4,utterance_442.mp4,0,video_1
1,0,../Videos/Train/video_1/utterance_443.mp4,../../videos/blooper/pulso/0101/0101_16.mp4,utterance_443.mp4,0,video_1
1,0,../Videos/Train/video_1/utterance_444.mp4,../../videos/blooper/pulso/0101/0101_1.mp4,utterance_444.mp4,0,video_1
1,0,../Videos/Train/video_1/utterance_445.mp4,../../videos/blooper/pulso/0101/0101_15.mp4,utterance_445.mp4,0,video_1
1,0,../Videos/Train/video_1/utterance_446.mp4,../../videos/blooper/pulso/0101/0101_26.mp4,utterance_446.mp4,0,video_1
1,0,../Videos/Train/video_1/utterance_447.mp4,../../videos/blooper/pulso/0101/0101_8.mp4,utterance_447.mp4,0,video_1
1,0,../Videos/Train/video_1/utterance_448.mp4,../../videos/blooper/pulso/0101/0101_9.mp4,utterance_448.mp4,0,video_1
1,0,../Videos/Train/video_1/utterance_449.mp4,../../videos/blooper/pulso/0201/0201_15.mp4,utterance_449.mp4,0,video_1
1,0,../Videos/Train/video_1/utterance_450.mp4,../../videos/blooper/pulso/0201/0201_10.mp4,utterance_450.mp4,0,video_1
1,0,../Videos/Train/video_1/utterance_451.mp4,../../videos/blooper/pulso/0201/0201_21.mp4,utterance_451.mp4,0,video_1
1,0,../Videos/Train/video_1/utterance_452.mp4,../../videos/blooper/pulso/0201/0201_3.mp4,utterance_452.mp4,0,video_1
1,0,../Videos/Train/video_1/utterance_453.mp4,../../videos/blooper/pulso/0201/0201_14.mp4,utterance_453.mp4,0,video_1
1,0,../Videos/Train/video_1/utterance_454.mp4,../../videos/blooper/pulso/0201/0201_18.mp4,utterance_454.mp4,0,video_1
1,0,../Videos/Train/video_1/utterance_455.mp4,../../videos/blooper/pulso/0201/0201_12.mp4,utterance_455.mp4,0,video_1
1,0,../Videos/Train/video_1/utterance_456.mp4,../../videos/blooper/pulso/0201/0201_5.mp4,utterance_456.mp4,0,video_1
1,0,../Videos/Train/video_1/utterance_457.mp4,../../videos/blooper/pulso/0201/0201_2.mp4,utterance_457.mp4,0,video_1
1,0,../Videos/Train/video_1/utterance_458.mp4,../../videos/blooper/pulso/0201/0201_8.mp4,utterance_458.mp4,0,video_1
1,0,../Videos/Train/video_1/utterance_459.mp4,../../videos/blooper/pulso/0201/0201_7.mp4,utterance_459.mp4,0,video_1
1,0,../Videos/Train/video_1/utterance_460.mp4,../../videos/blooper/pulso/0201/0201_4.mp4,utterance_460.mp4,0,video_1
1,0,../Videos/Train/video_1/utterance_461.mp4,../../videos/blooper/pulso/0201/0201_11.mp4,utterance_461.mp4,0,video_1
1,0,../Videos/Train/video_1/utterance_462.mp4,../../videos/blooper/pulso/0201/0201_9.mp4,utterance_462.mp4,0,video_1
1,0,../Videos/Train/video_1/utterance_463.mp4,../../videos/blooper/pulso/0201/0201_17.mp4,utterance_463.mp4,0,video_1
